"xmin","xmax","ymin","ymax"
172.70595703125,178.53623046875,-41.61064453125,-34.4291015625
